<?xml version="1.0" encoding="ISO-8859-1"?>
<!--
 Licensed to the Apache Software Foundation (ASF) under one or more
 contributor license agreements.  See the NOTICE file distributed with
 this work for additional information regarding copyright ownership.
 The ASF licenses this file to You under the Apache License, Version 2.0
 (the "License"); you may not use this file except in compliance with
 the License.  You may obtain a copy of the License at

      http://www.apache.org/licenses/LICENSE-2.0

 Unless required by applicable law or agreed to in writing, software
 distributed under the License is distributed on an "AS IS" BASIS,
 WITHOUT WARRANTIES OR CONDITIONS OF ANY KIND, either express or implied.
 See the License for the specific language governing permissions and
 limitations under the License.
-->
<project name="Apache&#xA0;Commons&#xA0;VFS">

  <bannerRight>
    <name>Commons&#xA0;VFS</name>
    <src>/images/vfs-logo-white.png</src>
    <href>/index.html</href>
  </bannerRight>

  <body>

    <menu name="Commons&#xA0;VFS" inherit="top">
      <item name="Overview"                href="/index.html"/>
      <item name="Download and Build"      href="/download.html"/>
      <item name="Using the API"           href="/api.html"/>
      <item name="API JavaDocs"            href="/apidocs/index.html"/>
      <item name="File Systems"            href="/filesystems.html"/>
      <item name="Ant Tasks"               href="/anttasks.html"/>
      <item name="Wiki"                    href="http://wiki.apache.org/commons/VFS"/>
    </menu>

    <menu name="VFS Development" inherit="top">
      <item name="Testing"                 href="/testing.html"/>
      <item name="Mailing Lists"           href="/mail-lists.html"/>
      <item name="Issue Tracking"          href="/issue-tracking.html"/>
      <item name="Source Repository"       href="/source-repository.html"/>
    </menu>

    <menu name="VFS Modules" inherit="top">
      <item name="Core" href="commons-vfs2/index.html"/>
      <item name="Examples" href="commons-vfs2-examples/index.html"/>
      <item name="Sandbox" href="commons-vfs2-sandbox/index.html"/>
    </menu>

    <menu ref="reports"/>
  </body>

</project>
