<?xml version="1.0" encoding="UTF-8"?>
<!--
 Licensed to the Apache Software Foundation (ASF) under one
 or more contributor license agreements.  See the NOTICE file
 distributed with this work for additional information
 regarding copyright ownership.  The ASF licenses this file
 to you under the Apache License, Version 2.0 (the
 "License"); you may not use this file except in compliance
 with the License.  You may obtain a copy of the License at

   http://www.apache.org/licenses/LICENSE-2.0

 Unless required by applicable law or agreed to in writing,
 software distributed under the License is distributed on an
 "AS IS" BASIS, WITHOUT WARRANTIES OR CONDITIONS OF ANY
 KIND, either express or implied.  See the License for the
 specific language governing permissions and limitations
 under the License.
-->
<project name="Commons Exec">
  <bannerRight>
    <name>Apache Commons Exec</name>
    <src>/images/logo.png</src>
    <href>/index.html</href>
  </bannerRight>
  
  <body>

    <menu name="Commons Exec">
      <item name="Overview" href="/index.html" />
      <item name="Tutorial" href="/tutorial.html" />
      <item name="Command Line" href="/commandline.html" />        
      <item name="FAQ" href="faq.html"/>
      <item name="Test Matrix" href="/testmatrix.html" />
      <item name="Download" href="/download_exec.cgi"/>    
    </menu>
    
    <menu name="Development">
      <item name="Mailing Lists"           href="/mail-lists.html"/>
      <item name="Issue Tracking"          href="/issue-tracking.html"/>
      <item name="Team"                    href="/team-list.html"/>
      <item name="Source Repository"       href="/source-repository.html"/>
      <item name="Javadoc (latest)"        href="/apidocs/index.html"/>
    </menu>

  </body>
</project>
